first_name,last_name,pronouns,hacker_id,type
Paddy,Lathom,plathom0@wordpress.org,plathom0@forbes.com,plathom0@tinypic.com
Jim,Hubert,jhubert1@yandex.ru,jhubert1@bandcamp.com,jhubert1@whitehouse.gov
Loria,Kobiela,lkobiela2@nasa.gov,lkobiela2@printfriendly.com,lkobiela2@live.com
Alexandro,Jewiss,ajewiss3@yale.edu,ajewiss3@qq.com,ajewiss3@toplist.cz
Toddie,Phelp,tphelp4@paginegialle.it,tphelp4@nytimes.com,tphelp4@usa.gov
Edouard,Meegan,emeegan5@timesonline.co.uk,emeegan5@mapy.cz,emeegan5@weather.com
Kelila,Prydie,kprydie6@yellowpages.com,kprydie6@umich.edu,kprydie6@eventbrite.com
Theressa,Geeraert,tgeeraert7@bbc.co.uk,tgeeraert7@yale.edu,tgeeraert7@independent.co.uk
Giavani,Cleynaert,gcleynaert8@chron.com,gcleynaert8@slate.com,gcleynaert8@fema.gov
Sid,Bainbrigge,sbainbrigge9@163.com,sbainbrigge9@printfriendly.com,sbainbrigge9@pbs.org
Clem,Reihill,creihilla@stumbleupon.com,creihilla@phoca.cz,creihilla@icq.com
Kailey,Oliff,koliffb@51.la,koliffb@sun.com,koliffb@berkeley.edu
Bill,Dobrowlski,bdobrowlskic@networksolutions.com,bdobrowlskic@gmpg.org,bdobrowlskic@ocn.ne.jp
Joby,Chaim,jchaimd@macromedia.com,jchaimd@engadget.com,jchaimd@wsj.com
Charissa,Trillo,ctrilloe@discuz.net,ctrilloe@examiner.com,ctrilloe@sakura.ne.jp
Shepard,Scarrott,sscarrottf@msu.edu,sscarrottf@mit.edu,sscarrottf@slashdot.org
Koren,Klausen,kklauseng@eventbrite.com,kklauseng@gov.uk,kklauseng@amazon.de
Lovell,Krzysztof,lkrzysztofh@sciencedaily.com,lkrzysztofh@e-recht24.de,lkrzysztofh@free.fr
Geri,Corneliussen,gcorneliusseni@creativecommons.org,gcorneliusseni@berkeley.edu,gcorneliusseni@canalblog.com
Tamra,Hoovart,thoovartj@google.co.jp,thoovartj@canalblog.com,thoovartj@blogtalkradio.com
